Algorithm,Kernel PCA,0.2 Accuracy,0.2 Precision,0.2 Recall,0.2 F1 score,0.4 Accuracy,0.4 Precision,0.4 Recall,0.4 F1 score,0.6 Accuracy,0.6 Precision,0.6 Recall,0.6 F1 score
CatBoost,RBF,0.7810,0.6100,0.7810,0.6850,0.7810,0.6100,0.7810,0.6850,0.7810,0.6100,0.7810,0.6850
CatBoost,Sigmoid,0.7810,0.6100,0.7810,0.6850,0.7810,0.6100,0.7810,0.6850,0.7810,0.6100,0.7810,0.6850
CatBoost,Linear,0.9652,0.9611,0.9652,0.9630,0.9707,0.9666,0.9707,0.9680,0.9687,0.9669,0.9687,0.9662
CatBoost,Polynomial,0.9598,0.9558,0.9598,0.9576,0.9650,0.9632,0.9650,0.9628,0.9664,0.9615,0.9664,0.9629
CatBoost,Cosine,0.9744,0.9736,0.9744,0.9739,0.9768,0.9759,0.9768,0.9763,0.9711,0.9698,0.9711,0.9703
DecisionTreeClassifier,RBF,0.7810,0.6100,0.7810,0.6850,0.7810,0.6100,0.7810,0.6850,0.7810,0.6100,0.7810,0.6850
DecisionTreeClassifier,Sigmoid,0.7810,0.6100,0.7810,0.6850,0.7810,0.6100,0.7810,0.6850,0.7810,0.6100,0.7810,0.6850
DecisionTreeClassifier,Linear,0.9862,0.9862,0.9862,0.9862,0.9855,0.9854,0.9855,0.9854,0.9813,0.9813,0.9813,0.9813
DecisionTreeClassifier,Polynomial,0.9752,0.9752,0.9752,0.9752,0.9792,0.9799,0.9792,0.9795,0.9806,0.9805,0.9806,0.9805
DecisionTreeClassifier,Cosine,0.9881,0.9880,0.9881,0.9881,0.9854,0.9854,0.9854,0.9854,0.9822,0.9822,0.9822,0.9822
GradientBoostingClassifier,RBF,0.7810,0.6100,0.7810,0.6850,0.7810,0.6100,0.7810,0.6850,0.7810,0.6100,0.7810,0.6850
GradientBoostingClassifier,Sigmoid,0.7810,0.6100,0.7810,0.6850,0.7810,0.6100,0.7810,0.6850,0.7810,0.6100,0.7810,0.6850
GradientBoostingClassifier,Linear,0.9531,0.9503,0.9531,0.9503,0.9633,0.9617,0.9633,0.9616,0.9613,0.9585,0.9613,0.9591
GradientBoostingClassifier,Polynomial,0.9534,0.9508,0.9534,0.9510,0.9621,0.9598,0.9621,0.9603,0.9577,0.9547,0.9577,0.9546
GradientBoostingClassifier,Cosine,0.9720,0.9719,0.9720,0.9714,0.8803,0.9374,0.8803,0.9022,0.9738,0.9732,0.9738,0.9733
KNeighborsClassifier,RBF,0.7810,0.6100,0.7810,0.6850,0.7810,0.6100,0.7810,0.6850,0.7810,0.6100,0.7810,0.6850
KNeighborsClassifier,Sigmoid,0.7810,0.6100,0.7810,0.6850,0.7810,0.6100,0.7810,0.6850,0.7810,0.6100,0.7810,0.6850
KNeighborsClassifier,Linear,0.9847,0.9846,0.9847,0.9846,0.9676,0.9644,0.9676,0.9658,0.9619,0.9592,0.9619,0.9603
KNeighborsClassifier,Polynomial,0.9672,0.9665,0.9672,0.9668,0.9575,0.9539,0.9575,0.9555,0.9403,0.9375,0.9403,0.9387
KNeighborsClassifier,Cosine,0.9877,0.9875,0.9877,0.9876,0.9751,0.9750,0.9751,0.9750,0.9742,0.9742,0.9742,0.9742
LinearDiscriminantAnalysis,RBF,0.7810,0.6100,0.7810,0.6850,0.7810,0.6100,0.7810,0.6850,0.7810,0.6100,0.7810,0.6850
LinearDiscriminantAnalysis,Sigmoid,0.7810,0.6100,0.7810,0.6850,0.7810,0.6100,0.7810,0.6850,0.7810,0.6100,0.7810,0.6850
LinearDiscriminantAnalysis,Linear,0.7615,0.6580,0.7615,0.6908,0.8487,0.8092,0.8487,0.8266,0.8481,0.8086,0.8481,0.8261
LinearDiscriminantAnalysis,Polynomial,0.7810,0.6120,0.7810,0.6850,0.8687,0.8307,0.8687,0.8425,0.8322,0.7881,0.8322,0.7990
LinearDiscriminantAnalysis,Cosine,0.7810,0.6100,0.7810,0.6850,0.7810,0.6100,0.7810,0.6850,0.7810,0.6100,0.7810,0.6850
